rank,keyword,us_volume,kd,proj_clicks_mo,proj_rev_mo_cad,action,category,rpm_assumed,notes
1,how to get rid of mice,93000,1,9684,290,BROADEN existing page,informational,30,
2,how to get rid of bed bugs,49000,0,9184,276,NEW page,informational,30,
3,what do bed bugs look like,68000,0,8996,261,NEW page,informational,29,
4,how to get rid of ants,112000,12,4082,122,BROADEN existing page,informational,30,
5,mosquitoes,29000,0,3837,111,NEW page,informational,29,
6,commercial pest control,16000,0,3528,141,NEW page,commercial,40,
7,sugar ants,18000,0,2381,69,NEW page,informational,29,
8,mice exterminator,8800,0,1940,107,NEW page,commercial,55,
9,how to get rid of cockroaches,18000,1,1874,56,BROADEN existing page,informational,30,
10,seed ticks,14000,0,1852,54,NEW page,informational,29,
11,deer mice,14000,0,1852,54,NEW page,informational,29,
12,flying ants,38000,10,1676,49,NEW page,informational,29,
13,do cockroaches bite,12000,0,1588,46,NEW page,informational,29,
14,mice control,7000,0,1544,80,NEW page,commercial,52,
15,borax for ants,7900,0,1481,71,NEW page,commercial,48,
16,what do ants eat,11000,0,1455,42,NEW page,informational,29,
17,how to get rid of sugar ants,7400,0,1387,42,NEW page,informational,30,
18,how to get rid of mosquitoes,12000,2,1250,38,NEW page,informational,30,
19,what do bed bugs bites look like,9400,0,1244,36,NEW page,informational,29,
20,german cockroaches,9300,0,1230,36,NEW page,informational,29,
21,baby bed bugs,9100,0,1204,35,NEW page,informational,29,
22,steel wool for mice,6300,0,1181,57,NEW page,commercial,48,
23,how to get rid of carpenter ants,11000,4,1145,34,BROADEN existing page,informational,30,
24,plants that repel mosquitoes,10000,1,1041,47,BROADEN existing page,informational,45,
25,what do mice eat,14000,1,1029,30,NEW page,informational,29,
26,what kills bed bugs instantly,9500,4,989,48,BROADEN existing page,informational,49,
27,do cockroaches fly,7300,0,966,28,NEW page,informational,29,
28,how long do ants live,7100,0,939,27,NEW page,informational,29,
29,how to keep mosquitoes away,4900,0,918,28,NEW page,informational,31,
30,peppermint oil for mice,4700,0,881,42,NEW page,commercial,48,
31,ghost ants,6600,0,873,25,NEW page,informational,29,
32,what kills ticks on dogs instantly,8300,1,864,42,NEW page,commercial,49,
33,black ants,6500,0,860,25,NEW page,informational,29,
34,how long do mice live,6500,0,860,25,NEW page,informational,29,
35,how to get rid of bed bugs fast,4500,0,843,25,NEW page,informational,30,
36,bugs that look like cockroaches,6200,0,820,24,NEW page,informational,29,
37,how many ants are in the world,6200,0,820,24,NEW page,informational,29,
38,what do ticks look like,11000,3,808,23,NEW page,informational,28,
39,bugs that look like bed bugs,11000,2,808,23,NEW page,informational,28,
40,vamoose for mice,3600,0,794,38,NEW page,commercial,48,
41,mice pest control,3500,0,772,40,NEW page,commercial,52,
42,mice removal,3400,0,750,38,NEW page,commercial,51,
43,exterminator for mice,3400,0,750,41,NEW page,commercial,55,
44,mice poison,3400,0,750,38,NEW page,commercial,51,
45,ants in house,5600,0,741,22,NEW page,informational,30,
46,flying ants vs termites,5500,0,728,21,NEW page,informational,29,
47,how to get rid of ants in the house,6900,5,718,22,NEW page,informational,31,
48,lawn pest control,3200,0,706,32,NEW page,commercial,45,
49,mice traps,5700,2,698,35,NEW page,commercial,50,
50,army ants,9300,2,684,20,NEW page,informational,29,
51,honeypot ants,8700,4,639,18,NEW page,informational,28,
52,natural pest control,2800,0,617,28,NEW page,commercial,45,
53,mice repellent,8100,7,595,30,NEW page,commercial,50,
54,mice droppings,4500,0,595,17,BROADEN existing page,informational,29,
55,can mice climb walls,4400,0,582,17,NEW page,informational,29,
56,can cockroaches fly,7800,1,573,17,NEW page,informational,30,
57,bed bugs spray,2600,0,573,29,BROADEN existing page,informational,51,
58,are mice nocturnal,4100,0,542,16,NEW page,informational,30,
59,do mosquitoes bite dogs,4000,0,529,15,NEW page,informational,28,
60,bugs that look like ticks,3900,0,516,15,NEW page,informational,29,
61,zombie ants,3900,0,516,15,NEW page,informational,29,
62,field mice,6900,2,507,15,NEW page,informational,30,
63,ticks in michigan,3200,0,494,14,NEW page,informational,28,
64,do carpenter ants bite,3700,0,490,14,NEW page,informational,29,
65,flying ants in house,3700,0,490,14,NEW page,informational,29,
66,tiny ants,3700,0,490,14,NEW page,informational,29,
67,do moth balls keep mice away,3700,0,490,14,NEW page,informational,29,
68,types of mice,3700,0,490,14,NEW page,informational,29,
69,best way to get rid of mice,4500,5,469,14,NEW page,informational,30,
70,how to get rid of ants in kitchen,4400,1,458,14,NEW page,informational,31,
71,are mosquitoes attracted to light,3400,0,450,13,NEW page,informational,29,
72,diy pest control,12000,11,437,20,NEW page,commercial,46,
73,ticks on dogs,17000,11,437,13,NEW page,informational,30,
74,what smells do mice hate,3300,0,437,13,NEW page,informational,30,
75,how much is pest control,3500,4,429,21,NEW page,commercial,49,
76,do ants bite,5800,5,426,12,NEW page,informational,28,
77,where do bed bugs hide,3200,0,423,12,NEW page,informational,28,
78,black bed bugs,3200,0,423,12,NEW page,informational,28,
79,baby ticks,3100,0,410,12,NEW page,informational,29,
80,red ants,9300,7,410,12,NEW page,informational,29,
81,does vinegar kill ants,5300,1,390,11,NEW page,informational,28,
82,alaska mosquitoes,2900,0,384,11,NEW page,informational,29,
83,what kills ticks,2000,0,375,11,NEW page,informational,29,
84,how to get rid of mice humanely,3600,1,375,11,NEW page,informational,29,
85,where do mosquitoes go in the winter,2800,0,370,11,BROADEN existing page,informational,30,
86,bullet ants,5000,1,368,11,NEW page,informational,30,
87,do ticks fly,4900,5,360,10,NEW page,informational,28,
88,types of ticks,24000,22,353,10,NEW page,informational,28,
89,termites vs ants,4700,2,345,10,NEW page,informational,29,
90,baby mice,4700,1,345,10,NEW page,informational,29,
91,does lysol kill bed bugs,2600,0,344,10,NEW page,informational,29,
92,can mosquitoes bite through clothes,2600,0,344,10,NEW page,informational,29,
93,water bugs vs cockroaches,2600,0,344,10,NEW page,informational,29,
94,does alcohol kill bed bugs,2500,0,331,10,NEW page,informational,30,
95,ticks that carry lyme disease picture,7500,9,331,10,NEW page,informational,30,
96,how to get rid of mosquitoes in the house,5200,10,325,10,NEW page,informational,31,
97,do chickens eat ticks,2400,0,318,9,NEW page,informational,28,
98,what do baby cockroaches look like,2400,0,318,9,NEW page,informational,28,
99,bed bugs on mattress,4300,2,316,9,NEW page,informational,28,
100,where do cockroaches come from,4200,2,309,9,NEW page,informational,29,
