page,gsc_clicks,affiliate_users,affiliate_events,ctr
/blog/laser-mosquito-killer-photon-matrix-review,2307,18,29,0.0078
/blog/permethrin-canada-yard-clothing-spray,1212,5,5,0.0041
/blog/mosquito-bits-canada-vs-dunks,1091,15,16,0.0137
/blog/no-see-um-bites,687,6,7,0.0087
/blog/black-flies-ontario-when-they-come-out,641,2,3,0.0031
/blog/best-wasp-nest-spray-canada,587,32,42,0.0545
/blog/mosquito-fogger-canada,467,5,9,0.0107
/blog/mosquito-dunks-canada-guide,398,2,2,0.0050
/blog/tick-bite-vs-mosquito-bite,342,0,0,0.0000
/blog/are-ticks-dangerous-ontario,323,0,0,0.0000
/blog/chigger-bites,303,0,0,0.0000
/blog/horse-fly-and-deer-fly-bite-treatment,297,3,11,0.0101
/blog/mosquito-repellent-guide-ontario-2026,289,13,14,0.0450
/blog/dynatrap-canada-review,259,1,1,0.0039
/blog/mosquito-magnet-canada,243,2,2,0.0082
/blog/lyme-disease-risk-areas-ontario-2026,223,0,0,0.0000
/blog/mosquito-larvae-identification,223,1,1,0.0045
/blog/raccoon-deterrent-canada,210,2,2,0.0095
/blog/electric-fly-swatter-canada,207,0,0,0.0000
/blog/why-do-mosquito-bites-itch,193,0,0,0.0000
/blog/mosquito-season-gta-when-does-it-start,185,0,0,0.0000
/blog/rat-poison-canada-what-is-legal,171,1,1,0.0058
/blog/best-mosquito-repellent-device-canada,166,4,4,0.0241
/blog/best-screen-tent-canada,164,6,7,0.0366
/blog/wasp-dust-canada,159,20,29,0.1258
/blog/bed-bug-spray-canada,142,14,20,0.0986
/blog/what-ticks-look-like-ontario,142,1,1,0.0070
/blog/toronto-tick-hot-spot-2026,140,0,0,0.0000
/blog/tick-hot-spots-mississauga-2026,125,0,0,0.0000
/blog/best-bed-bug-steamer-canada,121,25,43,0.2066
/blog/bed-bug-stains-poop-droppings-canada,118,2,3,0.0169
/blog/best-rat-trap-canada,117,16,18,0.1368
/blog/ultrasonic-pest-repellers-do-they-work,115,1,1,0.0087
/blog/how-to-get-rid-of-wasps-canada,110,2,2,0.0182
/blog/picaridin-vs-deet-canada,108,0,0,0.0000
/blog/best-cockroach-spray-canada,107,7,11,0.0654
/blog/motion-activated-sprinkler-canada,100,11,13,0.1100
/blog/flea-bites-on-humans,98,1,1,0.0102
/blog/how-long-does-mosquito-spray-last,98,0,0,0.0000
/blog/deer-flies-horse-flies-ontario,97,0,0,0.0000
/blog/thermacell-e90-canada-review,96,1,1,0.0104
/blog/best-fruit-fly-trap-canada,95,9,14,0.0947
/blog/tick-bites-that-wont-heal-when-to-worry,93,0,0,0.0000
/blog/best-wasp-trap-canada,89,2,3,0.0225
/blog/crossfire-bed-bug-concentrate-review-canada,85,3,4,0.0353
/blog/best-tick-repellent-yard-canada,79,2,3,0.0253
/blog/why-do-mosquitoes-bite-my-ankles,79,0,0,0.0000
/blog/is-mosquito-spray-safe-kids-pets,78,0,0,0.0000
/blog/how-long-do-ticks-live,74,0,0,0.0000
/blog/mosquito-repellent-plants-ontario,74,0,0,0.0000
/blog/best-spider-spray-canada,71,8,9,0.1127
/blog/best-mosquito-trap-canada,70,0,0,0.0000
/blog/co2-mosquito-trap-canada,69,2,2,0.0290
/blog/do-tiki-torches-repel-mosquitoes,69,2,3,0.0290
/blog/best-yellow-jacket-trap-canada,68,3,3,0.0441
/pest-product-guides/bed-bug-control,68,0,0,0.0000
/blog/bed-bug-mattress-encasement-canada,67,10,14,0.1493
/blog/how-to-get-rid-of-centipedes-canada,67,0,0,0.0000
/blog/bugs-that-look-like-bed-bugs-canada,64,0,0,0.0000
/blog/bed-bugs-on-the-ttc-toronto,57,1,4,0.0175
/blog/tick-control-richmond-hill-markham,57,0,0,0.0000
/blog/how-to-get-rid-of-fruit-flies-canada,54,1,2,0.0185
/blog/best-indoor-fly-mosquito-trap-canada,53,9,20,0.1698
/blog/best-bed-bug-powder-canada,52,8,8,0.1538
/blog/bed-bug-bites,51,0,0,0.0000
/blog/bed-bug-heater-canada,51,4,5,0.0784
/blog/best-flea-spray-for-home-canada,51,6,7,0.1176
/blog/how-to-keep-mice-out-of-your-car,50,0,0,0.0000
/blog/mouse-bait-station-canada,49,3,3,0.0612
/blog/cimexa-bed-bug-review-canada,48,5,8,0.1042
/blog/mosquito-repellent-for-dogs-canada,48,0,0,0.0000
/blog/thermacell-canada-where-to-buy,48,1,1,0.0208
/blog/tick-season-ontario-when-are-ticks-active,48,0,0,0.0000
/blog/best-solar-bug-zapper-canada,47,2,2,0.0426
/blog/best-steam-cleaner-for-pest-control-canada,47,9,11,0.1915
/blog/best-tick-control-yard-treatment,47,0,0,0.0000
/blog/best-ant-traps-canada,45,2,2,0.0444
/blog/best-dehumidifier-for-cold-garage-canada,45,13,24,0.2889
/blog/what-does-mouse-poop-look-like-canada,45,0,0,0.0000
/blog/best-ant-killer-canada,43,0,0,0.0000
/blog/tick-control-vaughan-king-city-woodbridge,42,0,0,0.0000
/blog/tick-season-mississauga-when-are-ticks-active,42,0,0,0.0000
/blog/can-ticks-fly-jump-swim,41,0,0,0.0000
/blog/carpenter-ants-canada,41,2,4,0.0488
/blog/dupray-vs-mcculloch-steamer-canada,41,1,1,0.0244
/blog/tick-season-burlington-when-are-ticks-active,41,0,0,0.0000
/blog/wondercide-canada-review,40,1,1,0.0250
/blog/best-electric-fence-for-raccoons-canada,39,5,5,0.1282
/blog/dupray-steamer-review-canada,39,3,3,0.0769
/blog/ultimate-tick-control-guide-ontario,39,0,0,0.0000
/blog/best-dehumidifier-for-basement-canada,38,2,3,0.0526
/blog/best-roach-traps-canada,38,8,12,0.2105
/blog/how-to-get-rid-of-cockroaches-canada,38,2,2,0.0526
/blog/ortho-home-defense-canada-review,38,0,0,0.0000
/blog/smells-mosquitoes-hate,38,3,3,0.0789
/blog/best-bug-spray-for-kids-canada,37,1,2,0.0270
/blog/how-to-get-rid-of-silverfish-canada,37,0,0,0.0000
/blog/mosquito-repellent-bracelets-canada,36,0,0,0.0000
/blog/best-bed-bug-detector-canada,35,3,10,0.0857
/blog/best-bed-bug-trap-canada,35,9,13,0.2571
/blog/best-silverfish-traps-canada,34,0,0,0.0000
/blog/male-vs-female-mosquito,34,0,0,0.0000
/blog/best-flea-bomb-canada,33,2,3,0.0606
/blog/best-large-capacity-dehumidifier-canada,32,3,4,0.0938
/blog/best-professional-mosquito-trap-canada,32,2,2,0.0625
/blog/black-flies-mississauga-toronto-gta-2026,32,0,0,0.0000
/blog/konk-bed-bug-killer-review-canada,32,1,1,0.0313
/blog/bed-bug-bites-vs-mosquito-bites,30,1,2,0.0333
/blog/bed-bug-interceptor-traps-canada,30,4,4,0.1333
/blog/tick-season-oakville-when-are-ticks-active,30,0,0,0.0000
/blog/types-of-ticks-identification,30,0,0,0.0000
/blog/best-thermal-fogger-canada,29,1,1,0.0345
/blog/best-wasp-trap,29,18,21,0.6207
/blog/black-flag-electric-fogger-review-canada,29,1,1,0.0345
/blog/doktor-doom-canada-guide,29,0,0,0.0000
/blog/bed-bug-shells-casings-shed-skins-canada,28,0,0,0.0000
/blog/best-bed-bug-spray-for-mattress-canada,28,3,3,0.1071
/blog/best-earwig-killer-canada,28,1,1,0.0357
/blog/electric-fly-swatter,28,17,31,0.6071
/blog/baby-ticks-nymphs-seed-ticks-ontario,27,0,0,0.0000
/blog/how-to-get-rid-of-carpet-beetles-canada,27,1,6,0.0370
/blog/rescue-why-trap-review-canada,27,2,2,0.0741
/blog/rodent-exclusion-kit-canada,27,1,1,0.0370
/blog/mosquito-net-canada,26,0,0,0.0000
/blog/tick-hot-spots-oakville-burlington-2026,26,0,0,0.0000
/blog/best-pump-pressure-sprayer-canada,25,2,2,0.0800
/blog/how-to-get-rid-of-drain-flies-canada,25,2,6,0.0800
/blog/best-sump-pump-for-basement-canada,24,4,4,0.1667
/blog/mosquito-magnet-vs-dynatrap-canada,24,0,0,0.0000
/blog/tick-prevention-caledon-halton-hills,24,0,0,0.0000
/blog/best-hepa-vacuum-for-bed-bugs-and-fleas-canada,23,8,9,0.3478
/blog/best-live-animal-trap-canada,23,2,2,0.0870
/blog/best-raccoon-live-trap-canada,23,3,8,0.1304
/blog/diatomaceous-earth-for-bed-bugs,23,0,0,0.0000
/blog/what-blood-type-do-mosquitoes-bite,23,0,0,0.0000
/blog/flowtron-bug-zapper-canada,21,0,0,0.0000
/blog/how-to-get-rid-of-voles-canada,21,1,1,0.0476
/blog/best-mouse-trap-canada,20,3,4,0.1500
/blog/how-much-does-tick-treatment-cost-ontario,20,0,0,0.0000
/blog/best-bed-bug-fogger-canada,19,2,3,0.1053
/blog/how-to-get-rid-of-cluster-flies-canada,19,0,0,0.0000
/blog/how-to-get-rid-of-mosquitoes-in-yard-ontario,19,0,0,0.0000
/blog/june-bugs-ontario,19,0,0,0.0000
/blog/bed-bug-heat-treatment-diy-canada,18,4,4,0.2222
/blog/best-dehumidifier-for-mold-canada,18,3,4,0.1667
/blog/diatomaceous-earth-canada-buyers-guide,18,1,1,0.0556
/blog/how-to-get-rid-of-ants-canada,18,1,1,0.0556
/blog/katchy-indoor-insect-trap-review-canada,18,1,1,0.0556
/blog/mosquito-coils-canada,18,0,0,0.0000
/blog/best-air-purifier-for-large-room-canada,17,0,0,0.0000
/blog/best-bed-bug-spray-for-travel-canada,17,3,5,0.1765
/blog/best-ulv-cold-fogger-canada,17,0,0,0.0000
/blog/ecoraider-bed-bug-spray-review-canada,17,5,6,0.2941
/blog/how-to-get-rid-of-mosquitoes-in-the-house,17,0,0,0.0000
/blog/thermacell-refills-recharge-canada,17,1,1,0.0588
/blog/what-eats-ticks-and-mosquitoes,17,0,0,0.0000
/blog/best-battery-backpack-sprayer-canada,16,4,6,0.2500
/blog/best-hepa-vacuum-for-allergies-canada,16,0,0,0.0000
/blog/best-mosquito-trap-for-acreage-canada,16,1,1,0.0625
/blog/do-ticks-die-in-the-washing-machine,16,0,0,0.0000
/blog/thermalstrike-ranger-review-canada,16,1,1,0.0625
/blog/what-does-tick-look-like-on-dog,16,0,0,0.0000
/blog/best-raccoon-proof-roof-vent-covers-canada,15,2,3,0.1333
/blog/citronella-candles-canada-do-they-work,15,0,0,0.0000
/blog/how-to-get-rid-of-earwigs-canada,15,0,0,0.0000
/blog/doktor-doom-sleep-tight-review-canada,14,1,1,0.0714
/blog/how-to-get-rid-of-boxelder-bugs-canada,14,0,0,0.0000
/blog/lyme-disease-cases-mississauga-oakville-2026,14,0,0,0.0000
/blog/lyme-disease-cases-ontario-2026,14,0,0,0.0000
/blog/mosquito-season-scarborough-east-toronto,14,0,0,0.0000
/blog/tick-control-ancaster-dundas-hamilton,14,0,0,0.0000
/blog/ultimate-backyard-mosquito-control-guide,14,0,0,0.0000
/blog/best-air-purifier-for-dust-mites-canada,13,3,5,0.2308
/blog/best-centipede-killer-canada,13,0,0,0.0000
/blog/best-gas-backpack-fogger-canada,13,0,0,0.0000
/blog/cluster-flies-in-house-canada,13,2,3,0.1538
/blog/how-to-get-rid-of-rats-canada,13,0,0,0.0000
/blog/misting-fan-canada,13,0,0,0.0000
/blog/mosquito-bite-treatment-relief,13,0,0,0.0000
/blog/tick-head-stuck-in-skin,13,0,0,0.0000
/blog/when-to-worry-about-a-mosquito-bite,13,0,0,0.0000
/blog/do-bed-bug-sprays-actually-work,12,2,3,0.1667
/blog/how-to-get-rid-of-carpenter-bees-canada,12,1,2,0.0833
/blog/lone-star-tick-alpha-gal-canada,12,0,0,0.0000
/blog/off-deep-woods-deet-bug-spray-canada,12,1,1,0.0833
/blog/rodent-proof-compost-bin-canada,12,3,6,0.2500
/blog/deer-tick-vs-dog-tick-canada,11,0,0,0.0000
/blog/is-deet-safe,11,0,0,0.0000
/blog/natural-eco-friendly-mosquito-control-ontario,11,0,0,0.0000
/blog/ontario-tick-surge-2026,11,0,0,0.0000
/blog/what-percentage-of-ticks-carry-lyme-ontario,11,0,0,0.0000
/blog/best-bed-bug-luggage-heater-canada,10,0,0,0.0000
/blog/how-to-get-rid-of-mice-canada,10,0,0,0.0000
/blog/mouse-repellent-canada,10,0,0,0.0000
/blog/propane-mosquito-trap-canada,10,1,1,0.1000
/blog/propane-vs-electric-fogger-canada,10,1,1,0.1000
/blog/zappbug-heater-review-canada,10,0,0,0.0000