page_path,topic,tag,clicks_90d,ca_clicks_90d,impressions_90d,position,links,first_link_words,total_words,topic_epc,est_monthly_earnings,weak_cta,opportunity_monthly
"/blog/tick-bite-vs-mosquito-bite","tick","buzzskito-tick-20","342","239","28142","6.3","9","342","1469","0.78","16.8","","0"
"/blog/are-ticks-dangerous-ontario","tick","buzzskito-tick-20","323","226","9338","5.6","9","391","2838","0.78","15.86","","0"
"/blog/laser-mosquito-killer-photon-matrix-review","mosquito","buzzskito-mosquito-20","2307","1614","104723","6.9","14","624","12625","0.08","11.62","first link at word 624","8.13"
"/blog/lyme-disease-risk-areas-ontario-2026","tick","buzzskito-tick-20","223","156","7083","6.8","5","408","2321","0.78","10.95","","0"
"/blog/what-ticks-look-like-ontario","tick","buzzskito-tick-20","142","99","10696","7.5","5","781","1377","0.78","6.97","first link at word 781","4.88"
"/blog/toronto-tick-hot-spot-2026","tick","buzzskito-tick-20","140","98","4007","6","1","1184","1225","0.78","6.88","first link at word 1184","4.81"
"/blog/tick-hot-spots-mississauga-2026","tick","buzzskito-tick-20","125","87","1291","5.4","1","1562","1606","0.78","6.14","first link at word 1562","4.3"
"/blog/permethrin-canada-yard-clothing-spray","mosquito","buzzskito-mosquito-20","1212","848","49400","6.2","12","501","5385","0.08","6.1","","0"
"/blog/no-see-um-bites","general","buzzskito-general-20","687","481","36949","6.5","13","557","50","0.14","6.06","","0"
"/blog/mosquito-bits-canada-vs-dunks","mosquito","buzzskito-mosquito-20","1091","763","38041","5.5","11","68","4376","0.08","5.5","","0"
"/blog/tick-bites-that-wont-heal-when-to-worry","tick","buzzskito-tick-20","93","65","4892","7.2","5","346","70","0.78","4.57","","0"
"/blog/best-wasp-nest-spray-canada","wasp","buzzskito-wasp-20","587","411","43170","6.3","11","218","6721","0.11","4.07","","0"
"/blog/ultrasonic-pest-repellers-do-they-work","wildlife","buzzskito-wildlife-20","115","80","23504","7.4","3","1310","1625","0.54","3.91","first link at word 1310","2.74"
"/blog/best-tick-repellent-yard-canada","tick","buzzskito-tick-20","79","55","7063","8.2","3","260","1136","0.78","3.88","","0"
"/blog/how-long-do-ticks-live","tick","buzzskito-tick-20","74","52","32313","7.8","4","1724","4392","0.78","3.63","first link at word 1724","2.54"
"/blog/motion-activated-sprinkler-canada","wildlife","buzzskito-wildlife-20","100","70","6448","6.8","9","88","2144","0.54","3.4","","0"
"/blog/tick-control-richmond-hill-markham","tick","buzzskito-tick-20","57","40","1372","4.8","1","1237","1245","0.78","2.8","first link at word 1237","1.96"
"/blog/chigger-bites","general","buzzskito-general-20","303","212","35871","8.7","11","377","107","0.14","2.67","","0"
"/blog/tick-season-ontario-when-are-ticks-active","tick","buzzskito-tick-20","48","34","5569","6.8","4","403","1335","0.78","2.36","","0"
"/blog/mosquito-fogger-canada","mosquito","buzzskito-mosquito-20","467","327","22416","7.5","12","124","2876","0.08","2.35","","0"
"/blog/best-tick-control-yard-treatment","tick","buzzskito-tick-20","47","33","2668","7.9","4","768","950","0.78","2.31","first link at word 768","1.62"
"/blog/tick-control-vaughan-king-city-woodbridge","tick","buzzskito200b-20","42","29","1295","6.5","0","","896","0.78","2.06","no links","2.06"
"/blog/tick-season-mississauga-when-are-ticks-active","tick","buzzskito-tick-20","42","29","1783","5.8","1","1541","1580","0.78","2.06","first link at word 1541","1.44"
"/blog/can-ticks-fly-jump-swim","tick","buzzskito-tick-20","41","29","17331","7.5","6","1068","1467","0.78","2.01","first link at word 1068","1.41"
"/blog/tick-season-burlington-when-are-ticks-active","tick","buzzskito-tick-20","41","29","1113","4.6","4","1299","1654","0.78","2.01","first link at word 1299","1.41"
"/blog/mosquito-dunks-canada-guide","mosquito","buzzskito-mosquito-20","398","278","32963","6.9","18","139","4703","0.08","2","","0"
"/blog/ultimate-tick-control-guide-ontario","tick","buzzskito-tick-20","39","27","4268","8.7","5","1561","2189","0.78","1.92","first link at word 1561","1.34"
"/blog/bed-bug-spray-canada","bedbug","buzzskito-bedbug-20","142","99","6877","8","9","90","3009","0.19","1.7","","0"
"/blog/tick-season-oakville-when-are-ticks-active","tick","buzzskito-tick-20","30","21","1524","6.4","5","1368","1863","0.78","1.47","first link at word 1368","1.03"
"/blog/types-of-ticks-identification","tick","buzzskito-tick-20","30","21","5491","12.3","4","1415","1555","0.78","1.47","first link at word 1415","1.03"
"/blog/mosquito-repellent-guide-ontario-2026","mosquito","buzzskito-mosquito-20","289","202","12431","6.4","12","276","2340","0.08","1.46","","0"
"/blog/best-bed-bug-steamer-canada","bedbug","buzzskito-bedbug-20","121","85","4242","6.1","9","87","1917","0.19","1.45","","0"
"/blog/best-screen-tent-canada","general","buzzskito-general-20","164","115","12618","9.9","13","92","3862","0.14","1.45","","0"
"/blog/bed-bug-stains-poop-droppings-canada","bedbug","buzzskito-bedbug-20","118","83","9788","7.4","11","522","3298","0.19","1.41","","0"
"/blog/baby-ticks-nymphs-seed-ticks-ontario","tick","buzzskito-tick-20","27","19","6954","7.9","3","1214","1499","0.78","1.33","first link at word 1214","0.93"
"/blog/best-electric-fence-for-raccoons-canada","wildlife","buzzskito-wildlife-20","39","27","1788","7.4","9","444","2207","0.54","1.33","","0"
"/blog/dynatrap-canada-review","mosquito","buzzskito-mosquito-20","259","181","29782","7.9","21","730","6086","0.08","1.3","first link at word 730","0.91"
"/blog/tick-hot-spots-oakville-burlington-2026","tick","buzzskito200b-20","26","18","718","7.3","0","","1917","0.78","1.28","no links","1.28"
"/blog/mosquito-magnet-canada","mosquito","buzzskito-mosquito-20","243","170","10667","8.2","14","82","6045","0.08","1.22","","0"
"/blog/tick-prevention-caledon-halton-hills","tick","buzzskito200b-20","24","17","1272","7.4","0","","825","0.78","1.18","no links","1.18"
"/blog/mosquito-larvae-identification","mosquito","buzzskito-mosquito-20","223","156","70071","8.6","11","408","4679","0.08","1.12","","0"
"/blog/wasp-dust-canada","wasp","buzzskito-wasp-20","159","111","3440","5.3","5","595","1907","0.11","1.1","","0"
"/blog/crossfire-bed-bug-concentrate-review-canada","bedbug","buzzskito-bedbug-20","85","59","3763","6.8","10","283","2158","0.19","1.02","","0"
"/blog/best-cockroach-spray-canada","roach","buzzskito-roach-20","107","75","12070","8.9","14","644","4790","0.15","1.01","first link at word 644","0.71"
"/blog/how-much-does-tick-treatment-cost-ontario","tick","buzzskito200b-20","20","14","997","6.3","0","","1567","0.78","0.98","no links","0.98"
"/blog/why-do-mosquito-bites-itch","mosquito","buzzskito-mosquito-20","193","135","65234","7","7","520","6391","0.08","0.97","","0"
"/blog/mosquito-season-gta-when-does-it-start","mosquito","buzzskito-mosquito-20","185","129","22512","4.7","9","384","1594","0.08","0.93","","0"
"/blog/flea-bites-on-humans","general","buzzskito-general-20","98","69","23893","8.5","9","2504","78","0.14","0.86","first link at word 2504","0.6"
"/blog/best-mosquito-repellent-device-canada","mosquito","buzzskito-mosquito-20","166","116","15622","8.6","22","85","2136","0.08","0.84","","0"
"/blog/what-eats-ticks-and-mosquitoes","tick","buzzskito-tick-20","17","12","6550","8.1","6","410","1765","0.78","0.83","","0"
"/pest-product-guides/bed-bug-control","bedbug","buzzskito200b-20","68","48","3224","6.4","0","","233","0.19","0.81","no links","0.81"
"/blog/bed-bug-mattress-encasement-canada","bedbug","buzzskito-bedbug-20","67","47","7501","8.4","7","326","2462","0.19","0.8","","0"
"/blog/do-ticks-die-in-the-washing-machine","tick","buzzskito-tick-20","16","11","4644","6.1","1","1475","1744","0.78","0.79","first link at word 1475","0.55"
"/blog/what-does-tick-look-like-on-dog","tick","buzzskito-tick-20","16","11","3297","10.2","2","842","1024","0.78","0.79","first link at word 842","0.55"
"/blog/best-live-animal-trap-canada","wildlife","buzzskito-wildlife-20","23","16","2458","6.9","5","1299","2173","0.54","0.78","first link at word 1299","0.55"
"/blog/best-raccoon-live-trap-canada","wildlife","buzzskito-wildlife-20","23","16","2900","8.6","10","426","2563","0.54","0.78","","0"
"/blog/bugs-that-look-like-bed-bugs-canada","bedbug","buzzskito-bedbug-20","64","45","5710","7.8","7","485","3808","0.19","0.77","","0"
"/blog/how-to-get-rid-of-wasps-canada","wasp","buzzskito-wasp-20","110","77","12527","9.4","6","284","2307","0.11","0.76","","0"
"/blog/rat-poison-canada-what-is-legal","rodent","buzzskito-rodent-20","171","120","6942","5.8","11","135","1993","0.07","0.75","","0"
"/blog/lyme-disease-cases-mississauga-oakville-2026","tick","buzzskito-tick-20","14","10","392","7.4","1","2489","2522","0.78","0.69","first link at word 2489","0.48"
"/blog/lyme-disease-cases-ontario-2026","tick","buzzskito200b-20","14","10","639","18.8","0","","1262","0.78","0.69","no links","0.69"
"/blog/tick-control-ancaster-dundas-hamilton","tick","buzzskito200b-20","14","10","720","12.3","0","","1417","0.78","0.69","no links","0.69"
"/blog/bed-bugs-on-the-ttc-toronto","bedbug","buzzskito-bedbug-20","57","40","1785","5.9","5","1405","2672","0.19","0.68","first link at word 1405","0.48"
"/blog/tick-head-stuck-in-skin","tick","buzzskito-tick-20","13","9","3013","12.7","4","404","1582","0.78","0.64","","0"
"/blog/best-spider-spray-canada","general","buzzskito-general-20","71","50","4764","7.2","15","449","2985","0.14","0.63","","0"
"/blog/best-bed-bug-powder-canada","bedbug","buzzskito-bedbug-20","52","36","2086","6.1","8","424","2224","0.19","0.62","","0"
"/blog/bed-bug-bites","bedbug","buzzskito-bedbug-20","51","36","13516","9.1","4","1545","539","0.19","0.61","first link at word 1545","0.43"
"/blog/bed-bug-heater-canada","bedbug","buzzskito-bedbug-20","51","36","2414","8.6","11","495","2949","0.19","0.61","","0"
"/blog/how-to-get-rid-of-centipedes-canada","general","buzzskito-general-20","67","47","12075","8.3","13","439","5274","0.14","0.59","","0"
"/blog/lone-star-tick-alpha-gal-canada","tick","buzzskito-tick-20","12","8","3101","7.7","1","1867","1904","0.78","0.59","first link at word 1867","0.41"
"/blog/cimexa-bed-bug-review-canada","bedbug","buzzskito-bedbug-20","48","34","2416","6.5","7","311","2580","0.19","0.57","","0"
"/blog/deer-tick-vs-dog-tick-canada","tick","buzzskito-tick-20","11","8","7196","8.9","3","1258","1516","0.78","0.54","first link at word 1258","0.38"
"/blog/ontario-tick-surge-2026","tick","buzzskito200b-20","11","8","919","6.6","0","","1134","0.78","0.54","no links","0.54"
"/blog/what-percentage-of-ticks-carry-lyme-ontario","tick","buzzskito200b-20","11","8","1425","5.9","0","","1553","0.78","0.54","no links","0.54"
"/blog/best-rat-trap-canada","rodent","buzzskito-rodent-20","117","82","12675","8.2","8","93","7308","0.07","0.52","","0"
"/blog/best-raccoon-proof-roof-vent-covers-canada","wildlife","buzzskito-wildlife-20","15","10","654","7.1","7","585","2404","0.54","0.51","","0"
"/blog/how-long-does-mosquito-spray-last","mosquito","buzzskito-mosquito-20","98","69","20793","6","8","292","1534","0.08","0.49","","0"
"/blog/thermacell-e90-canada-review","mosquito","buzzskito-mosquito-20","96","67","5761","6.2","10","86","2206","0.08","0.48","","0"
"/blog/best-yellow-jacket-trap-canada","wasp","buzzskito-wasp-20","68","48","7330","8.1","10","94","2144","0.11","0.47","","0"
"/blog/best-flea-spray-for-home-canada","general","buzzskito-general-20","51","36","5102","7.9","10","545","4176","0.14","0.45","","0"
"/blog/how-to-keep-ticks-out-of-yard-ontario","tick","buzzskito-tick-20","9","6","995","12.7","3","1023","62","0.78","0.44","first link at word 1023","0.31"
"/blog/best-bed-bug-detector-canada","bedbug","buzzskito-bedbug-20","35","24","1673","8.8","9","451","2574","0.19","0.42","","0"
"/blog/best-bed-bug-trap-canada","bedbug","buzzskito-bedbug-20","35","24","2037","8.7","9","521","2620","0.19","0.42","","0"
"/blog/best-solar-bug-zapper-canada","general","buzzskito-general-20","47","33","3706","7.4","11","226","1871","0.14","0.41","","0"
"/blog/why-do-mosquitoes-bite-my-ankles","mosquito","buzzskito-mosquito-20","79","55","17090","5.4","7","1656","2154","0.08","0.4","first link at word 1656","0.28"
"/blog/is-mosquito-spray-safe-kids-pets","mosquito","buzzskito-mosquito-20","78","55","16124","8","11","321","2208","0.08","0.39","","0"
"/blog/konk-bed-bug-killer-review-canada","bedbug","buzzskito-bedbug-20","32","22","2139","6","10","270","2545","0.19","0.38","","0"
"/blog/mosquito-repellent-plants-ontario","mosquito","buzzskito-mosquito-20","74","52","8269","7.7","7","461","1482","0.08","0.37","","0"
"/blog/bed-bug-bites-vs-mosquito-bites","bedbug","buzzskito-bedbug-20","30","21","5501","9","9","904","3458","0.19","0.36","first link at word 904","0.25"
"/blog/bed-bug-interceptor-traps-canada","bedbug","buzzskito-bedbug-20","30","21","2926","8.3","6","344","2412","0.19","0.36","","0"
"/blog/best-roach-traps-canada","roach","buzzskito-roach-20","38","27","4179","9","15","517","3957","0.15","0.36","","0"
"/blog/how-to-get-rid-of-cockroaches-canada","roach","buzzskito-roach-20","38","27","5727","10.3","10","544","3363","0.15","0.36","","0"
"/blog/best-thermal-fogger-canada","fogger","buzzskito-fogger-20","29","20","1640","5.9","8","269","2294","0.19","0.35","","0"
"/blog/black-flag-electric-fogger-review-canada","fogger","buzzskito-fogger-20","29","20","1259","7.4","9","272","2229","0.19","0.35","","0"
"/blog/co2-mosquito-trap-canada","mosquito","buzzskito-mosquito-20","69","48","3131","7.2","10","88","1929","0.08","0.35","","0"
"/blog/do-tiki-torches-repel-mosquitoes","mosquito","buzzskito-mosquito-20","69","48","11653","6.7","9","249","1777","0.08","0.35","","0"
"/blog/wondercide-canada-review","general","buzzskito-general-20","40","28","3249","6.1","14","127","1870","0.14","0.35","","0"
"/blog/are-ticks-arachnids-or-insects","tick","buzzskito-tick-20","7","5","3779","7","3","1010","1124","0.78","0.34","first link at word 1010","0.24"
"/blog/bed-bug-shells-casings-shed-skins-canada","bedbug","buzzskito-bedbug-20","28","20","5495","7.7","10","541","3118","0.19","0.33","","0"
"/blog/best-bed-bug-spray-for-mattress-canada","bedbug","buzzskito-bedbug-20","28","20","3856","9.1","17","433","6075","0.19","0.33","","0"
"/blog/best-bug-spray-for-kids-canada","general","buzzskito-general-20","37","26","5284","8.8","12","449","1419","0.14","0.33","","0"
"/blog/how-to-get-rid-of-silverfish-canada","general","buzzskito-general-20","37","26","2641","7","11","898","3125","0.14","0.33","first link at word 898","0.23"
"/blog/ortho-home-defense-canada-review","general","buzzskito-general-20","38","27","6259","6.9","13","264","1937","0.14","0.33","","0"
"/blog/best-deer-fence-for-gardens-canada","wildlife","buzzskito-wildlife-20","9","6","591","14.6","9","941","2548","0.54","0.31","first link at word 941","0.21"
"/blog/best-flea-bomb-canada","general","buzzskito-general-20","33","23","2594","7.9","14","971","4659","0.14","0.29","first link at word 971","0.2"
"/blog/best-hepa-vacuum-for-bed-bugs-and-fleas-canada","bedbug","buzzskito-bedbug-20","23","16","735","5.5","9","464","2680","0.19","0.28","","0"
"/blog/diatomaceous-earth-for-bed-bugs","bedbug","buzzskito-bedbug-20","23","16","2931","8.4","6","380","1868","0.19","0.28","","0"
"/blog/best-indoor-fly-mosquito-trap-canada","mosquito","buzzskito-mosquito-20","53","37","2960","7","10","356","1565","0.08","0.27","","0"
"/blog/doktor-doom-canada-guide","general","buzzskito-general-20","29","20","3348","6.8","9","1569","3432","0.14","0.26","first link at word 1569","0.18"
"/blog/best-earwig-killer-canada","general","buzzskito-general-20","28","20","2621","8.1","16","542","4031","0.14","0.25","","0"
"/blog/blacklegged-deer-tick-ontario","tick","buzzskito-tick-20","5","3","740","13.2","3","1214","1490","0.78","0.25","first link at word 1214","0.17"
"/blog/do-ticks-fly-or-jump","tick","buzzskito-tick-20","5","3","725","6.6","3","817","860","0.78","0.25","first link at word 817","0.17"
"/blog/electric-fly-swatter","general","buzzskito-general-20","28","20","2329","8.5","13","96","2173","0.14","0.25","","0"
"/blog/tick-tubes-canada","tick","buzzskito-tick-20","5","3","735","7.8","4","383","2092","0.78","0.25","","0"
"/pest-product-guides/tick-gear","tick","buzzskito200b-20","5","3","317","15","0","","252","0.78","0.25","no links","0.25"
"/blog/how-to-get-rid-of-carpet-beetles-canada","general","buzzskito-general-20","27","19","2930","10.2","15","469","3693","0.14","0.24","","0"
"/blog/rescue-why-trap-review-canada","general","buzzskito-general-20","27","19","3292","6.8","11","270","2574","0.14","0.24","","0"
"/blog/thermacell-canada-where-to-buy","mosquito","buzzskito-mosquito-20","48","34","27407","8.8","12","244","2347","0.08","0.24","","0"
"/blog/best-bed-bug-fogger-canada","bedbug","buzzskito-bedbug-20","19","13","1540","8.2","10","466","2347","0.19","0.23","","0"
"/blog/bed-bug-heat-treatment-diy-canada","bedbug","buzzskito-bedbug-20","18","13","1390","12.2","8","440","2555","0.19","0.22","","0"
"/blog/how-to-keep-mice-out-of-your-car","rodent","buzzskito-rodent-20","50","35","6001","10.6","14","604","3537","0.07","0.22","first link at word 604","0.15"
"/blog/mouse-bait-station-canada","rodent","buzzskito-rodent-20","49","34","2998","5.6","7","273","1998","0.07","0.22","","0"
"/blog/best-sump-pump-for-basement-canada","general","buzzskito-general-20","24","17","1289","8.6","15","70","2353","0.14","0.21","","0"
"/blog/are-there-ticks-in-canada","tick","buzzskito200b-20","4","3","1023","11.1","0","","1985","0.78","0.2","no links","0.2"
"/blog/best-bed-bug-spray-for-travel-canada","bedbug","buzzskito-bedbug-20","17","12","823","6.6","9","439","2425","0.19","0.2","","0"
"/blog/best-ulv-cold-fogger-canada","fogger","buzzskito-fogger-20","17","12","782","10.8","9","447","2209","0.19","0.2","","0"
"/blog/best-wasp-trap","wasp","buzzskito-wasp-20","29","20","2526","7.8","12","91","2972","0.11","0.2","","0"
"/blog/ecoraider-bed-bug-spray-review-canada","bedbug","buzzskito-bedbug-20","17","12","441","6.2","8","284","3029","0.19","0.2","","0"
"/blog/mosquito-tick-control-hamilton-burlington","tick","buzzskito200b-20","4","3","945","9","0","","863","0.78","0.2","no links","0.2"
"/blog/raccoon-and-skunk-proofing-under-a-deck-canada","wildlife","buzzskito-wildlife-20","6","4","581","5.5","4","1546","2415","0.54","0.2","first link at word 1546","0.14"
"/blog/raccoon-proof-chimney-cap-canada","wildlife","buzzskito-wildlife-20","6","4","138","8.2","10","500","2295","0.54","0.2","","0"
"/blog/what-does-mouse-poop-look-like-canada","rodent","buzzskito-rodent-20","45","31","13466","7.4","9","521","6503","0.07","0.2","","0"
"/blog/flowtron-bug-zapper-canada","general","buzzskito-general-20","21","15","3784","7.2","6","243","1851","0.14","0.19","","0"
"/blog/smells-mosquitoes-hate","mosquito","buzzskito-mosquito-20","38","27","7384","4.6","9","281","1336","0.08","0.19","","0"
"/blog/thermalstrike-ranger-review-canada","bedbug","buzzskito-bedbug-20","16","11","528","6","8","305","2619","0.19","0.19","","0"
"/blog/mosquito-repellent-bracelets-canada","mosquito","buzzskito-mosquito-20","36","25","4111","8","11","448","1648","0.08","0.18","","0"
"/blog/doktor-doom-sleep-tight-review-canada","bedbug","buzzskito-bedbug-20","14","10","824","5.6","8","280","2141","0.19","0.17","","0"
"/blog/how-to-stop-deer-eating-cedars-ontario","wildlife","buzzskito-wildlife-20","5","3","316","4.9","8","761","2388","0.54","0.17","first link at word 761","0.12"
"/blog/june-bugs-ontario","general","buzzskito-general-20","19","13","3530","6.4","3","1229","1542","0.14","0.17","first link at word 1229","0.12"
"/blog/male-vs-female-mosquito","mosquito","buzzskito-mosquito-20","34","24","27253","7.9","4","1082","1369","0.08","0.17","first link at word 1082","0.12"
"/blog/raccoon-deterrent","wildlife","buzzskito-wildlife-20","5","3","487","7.2","9","305","2738","0.54","0.17","","0"
"/blog/best-air-purifier-for-dust-mites-canada","airpurifier","buzzskito-airpurifier-20","13","9","1183","8","7","594","1860","0.19","0.16","","0"
"/blog/best-gas-backpack-fogger-canada","fogger","buzzskito-fogger-20","13","9","731","8","9","470","2223","0.19","0.16","","0"
"/blog/best-professional-mosquito-trap-canada","mosquito","buzzskito-mosquito-20","32","22","1295","10.8","11","457","2703","0.08","0.16","","0"
"/blog/diatomaceous-earth-canada-buyers-guide","general","buzzskito-general-20","18","13","1273","6.6","9","564","2030","0.14","0.16","","0"
"/blog/katchy-indoor-insect-trap-review-canada","general","buzzskito-general-20","18","13","3063","6.7","13","88","2302","0.14","0.16","","0"
"/blog/american-dog-tick-canada","tick","buzzskito-tick-20","3","2","260","11","3","714","1119","0.78","0.15","first link at word 714","0.1"
"/blog/how-to-do-a-tick-check","tick","buzzskito-tick-20","3","2","91","7.3","3","1336","1443","0.78","0.15","first link at word 1336","0.1"
"/blog/tick-bite-symptoms-what-to-do-ontario","tick","buzzskito-tick-20","3","2","690","14.4","3","535","1377","0.78","0.15","","0"
"/blog/what-does-a-tick-bite-look-like","tick","buzzskito-tick-20","3","2","1155","9","3","956","50","0.78","0.15","first link at word 956","0.1"
"/blog/do-bed-bug-sprays-actually-work","bedbug","buzzskito-bedbug-20","12","8","1370","8.2","6","1028","2054","0.19","0.14","first link at word 1028","0.1"
"/blog/how-to-get-rid-of-earwigs-canada","general","buzzskito-general-20","15","10","1607","8.8","6","1081","4853","0.14","0.13","first link at word 1081","0.09"
"/blog/best-bed-bug-luggage-heater-canada","bedbug","buzzskito-bedbug-20","10","7","405","10.3","11","117","2526","0.19","0.12","","0"
"/blog/how-to-get-rid-of-boxelder-bugs-canada","general","buzzskito-general-20","14","10","2423","10.5","11","610","5177","0.14","0.12","first link at word 610","0.09"
"/blog/mosquito-magnet-vs-dynatrap-canada","mosquito","buzzskito-mosquito-20","24","17","1441","6.4","9","437","2446","0.08","0.12","","0"
"/blog/propane-vs-electric-fogger-canada","fogger","buzzskito-fogger-20","10","7","559","6.4","7","409","2016","0.19","0.12","","0"
"/blog/rodent-exclusion-kit-canada","rodent","buzzskito-rodent-20","27","19","1989","6.9","12","486","3200","0.07","0.12","","0"
"/blog/what-blood-type-do-mosquitoes-bite","mosquito","buzzskito-mosquito-20","23","16","16608","9","4","3574","4980","0.08","0.12","first link at word 3574","0.08"
"/blog/zappbug-heater-review-canada","bedbug","buzzskito-bedbug-20","10","7","1012","7.6","8","295","2296","0.19","0.12","","0"
"/blog/best-centipede-killer-canada","general","buzzskito-general-20","13","9","1886","10.5","20","532","3825","0.14","0.11","","0"
"/blog/how-to-get-rid-of-carpenter-bees-canada","general","buzzskito-general-20","12","8","1005","9","14","697","3045","0.14","0.11","first link at word 697","0.07"
"/blog/best-atv-sprayer-for-tick-yard-canada","tick","buzzskito-tick-20","2","1","335","9.5","9","467","2194","0.78","0.1","","0"
"/blog/best-cordless-fogger-canada","fogger","buzzskito-fogger-20","8","6","470","6.2","9","428","2429","0.19","0.1","","0"
"/blog/how-to-get-rid-of-mosquitoes-in-yard-ontario","mosquito","buzzskito-mosquito-20","19","13","2572","17.7","4","732","81","0.08","0.1","first link at word 732","0.07"
"/blog/how-to-remove-tick-safely","tick","buzzskito-tick-20","2","1","225","31.3","5","286","1087","0.78","0.1","","0"
"/blog/i-found-tick-on-my-dog-what-to-do","tick","buzzskito-tick-20","2","1","395","5.7","4","578","1118","0.78","0.1","","0"
"/blog/mosquito-tick-control-stoney-creek","tick","buzzskito200b-20","2","1","345","22.7","0","","1022","0.78","0.1","no links","0.1"
"/blog/packtite-portable-review-canada","bedbug","buzzskito-bedbug-20","8","6","226","5.2","9","276","2265","0.19","0.1","","0"
"/learn/ontario-mosquito-tick-diseases","tick","buzzskito200b-20","2","1","282","7.6","0","","28","0.78","0.1","no links","0.1"
"/blog/best-mouse-trap-canada","rodent","buzzskito-rodent-20","20","14","2179","10.3","9","87","2055","0.07","0.09","","0"
"/blog/how-to-get-rid-of-mosquitoes-in-the-house","mosquito","buzzskito-mosquito-20","17","12","2456","9","4","2028","2309","0.08","0.09","first link at word 2028","0.06"
"/blog/how-to-get-rid-of-voles-canada","rodent","buzzskito-rodent-20","21","15","1416","9.5","10","746","3735","0.07","0.09","first link at word 746","0.06"
"/blog/mosquito-coils-canada","mosquito","buzzskito-mosquito-20","18","13","4369","10.2","11","455","1784","0.08","0.09","","0"
"/blog/thermacell-refills-recharge-canada","mosquito","buzzskito-mosquito-20","17","12","3455","8.3","6","383","1218","0.08","0.09","","0"
"/blog/best-mosquito-trap-for-acreage-canada","mosquito","buzzskito-mosquito-20","16","11","591","7.6","10","448","2247","0.08","0.08","","0"
"/blog/bug-protective-clothing-canada","general","buzzskito-general-20","9","6","828","10.1","8","333","2397","0.14","0.08","","0"
"/blog/citronella-candles-canada-do-they-work","mosquito","buzzskito-mosquito-20","15","10","3219","8","9","394","1389","0.08","0.08","","0"
"/blog/harris-bed-bug-killer-review-canada","bedbug","buzzskito-bedbug-20","7","5","643","7","8","306","2656","0.19","0.08","","0"
"/blog/how-to-get-rid-of-bed-bugs-in-couch-canada","bedbug","buzzskito-bedbug-20","7","5","673","9.4","8","438","2536","0.19","0.08","","0"
"/blog/how-to-keep-spiders-out-of-your-house","general","buzzskito-general-20","9","6","1249","9.2","10","926","2852","0.14","0.08","first link at word 926","0.06"
"/blog/knock-down-bed-bug-killer-review-canada","bedbug","buzzskito-bedbug-20","7","5","250","6.4","9","287","2365","0.19","0.08","","0"
"/blog/what-kills-bed-bugs-instantly-canada","bedbug","buzzskito-bedbug-20","7","5","2784","10.5","7","1352","3596","0.19","0.08","first link at word 1352","0.06"
"/blog/baby-bed-bugs-nymphs","bedbug","buzzskito-bedbug-20","6","4","1504","7.7","6","1299","3358","0.19","0.07","first link at word 1299","0.05"
"/blog/best-patio-heater-canada","general","buzzskito-general-20","8","6","576","7.1","11","423","2232","0.14","0.07","","0"
"/blog/mosquito-bite-treatment-relief","mosquito","buzzskito-mosquito-20","13","9","5041","14.2","5","565","1558","0.08","0.07","","0"
"/blog/mosquito-season-scarborough-east-toronto","mosquito","buzzskito200b-20","14","10","1328","7.7","0","","815","0.08","0.07","no links","0.07"
"/blog/ultimate-backyard-mosquito-control-guide","mosquito","buzzskito-mosquito-20","14","10","1865","8.8","4","1012","1379","0.08","0.07","first link at word 1012","0.05"
"/blog/when-to-worry-about-a-mosquito-bite","mosquito","buzzskito200b-20","13","9","3129","10.4","0","","1518","0.08","0.07","no links","0.07"
"/blog/bed-bug-treatment-cost-canada","bedbug","buzzskito-bedbug-20","5","3","2237","10.4","4","1111","2372","0.19","0.06","first link at word 1111","0.04"
"/blog/bed-bugs-in-a-car-heat-treatment-canada","bedbug","buzzskito-bedbug-20","5","3","368","6.3","5","698","2308","0.19","0.06","first link at word 698","0.04"
"/blog/best-pest-control-equipment-canada","general","buzzskito-general-20","7","5","550","8.7","12","450","2321","0.14","0.06","","0"
"/blog/best-wasp-killer-canada","wasp","buzzskito-wasp-20","8","6","237","4.9","6","475","1987","0.11","0.06","","0"
"/blog/how-to-get-rid-of-rats-canada","rodent","buzzskito-rodent-20","13","9","1331","11.9","12","447","3230","0.07","0.06","","0"
"/blog/is-deet-safe","mosquito","buzzskito200b-20","11","8","3390","7.6","0","","1607","0.08","0.06","no links","0.06"
"/blog/natural-eco-friendly-mosquito-control-ontario","mosquito","buzzskito-mosquito-20","11","8","1128","9.2","4","246","1237","0.08","0.06","","0"
"/blog/off-deep-woods-deet-bug-spray-canada","mosquito","buzzskito-mosquito-20","12","8","2670","6.6","8","438","1384","0.08","0.06","","0"
"/blog/packtite-closet-review-canada","bedbug","buzzskito-bedbug-20","5","3","140","6.2","9","303","2275","0.19","0.06","","0"
"/blog/steamer-vs-heater-for-bed-bugs-canada","bedbug","buzzskito-bedbug-20","5","3","512","9.9","6","469","2366","0.19","0.06","","0"
"/blog/battery-backup-sump-pump-canada","general","buzzskito-general-20","6","4","987","7.1","11","425","2264","0.14","0.05","","0"
"/blog/bed-bug-heater-rental-vs-buying-canada","bedbug","buzzskito-bedbug-20","4","3","409","10.1","9","722","2411","0.19","0.05","first link at word 722","0.03"
"/blog/bugs-that-look-like-ticks","tick","buzzskito-tick-20","1","1","1","1","9","756","5919","0.78","0.05","first link at word 756","0.03"
"/blog/mosquito-magnet-vs-professional-spray","mosquito","buzzskito-mosquito-20","9","6","2067","7.7","4","293","865","0.08","0.05","","0"
"/blog/mosquito-repellent-stickers-patches-canada","mosquito","buzzskito-mosquito-20","9","6","2331","9.8","8","435","1489","0.08","0.05","","0"
"/blog/mosquito-screens-patio-canada","mosquito","buzzskito-mosquito-20","9","6","637","9.4","9","371","1724","0.08","0.05","","0"
"/blog/pantry-moth-traps-canada","general","buzzskito-general-20","6","4","1357","9.5","10","450","3041","0.14","0.05","","0"
"/blog/pergola-mosquito-curtains-canada","mosquito","buzzskito-mosquito-20","9","6","136","7.3","15","395","2799","0.08","0.05","","0"
"/blog/propane-mosquito-trap-canada","mosquito","buzzskito-mosquito-20","10","7","611","9.7","8","211","2155","0.08","0.05","","0"
"/blog/rodent-proof-compost-bin-canada","rodent","buzzskito-rodent-20","12","8","801","7.8","14","471","2407","0.07","0.05","","0"
"/blog/spring-tick-season-ontario","tick","buzzskito200b-20","1","1","88","13","0","","1656","0.78","0.05","no links","0.05"
"/blog/thermal-vs-ulv-fogger-canada","fogger","buzzskito-fogger-20","4","3","272","8.8","7","497","2220","0.19","0.05","","0"
"/blog/tick-bite-on-dog-symptoms","tick","buzzskito-tick-20","1","1","197","17.6","4","256","994","0.78","0.05","","0"
"/blog/tick-borne-diseases-ontario-complete-list","tick","buzzskito200b-20","1","1","462","16.1","0","","1608","0.78","0.05","no links","0.05"
"/blog/tick-prevention-yard-ontario-safe-for-kids","tick","buzzskito-tick-20","1","1","6","8.5","5","976","2023","0.78","0.05","first link at word 976","0.03"
"/blog/tick-repellent-for-dogs-ontario","tick","buzzskito-tick-20","1","1","204","10.5","5","333","1281","0.78","0.05","","0"
"/blog/zappbug-oven-2-review-canada","bedbug","buzzskito-bedbug-20","4","3","409","8","10","318","3196","0.19","0.05","","0"
"/learn/how-to-combat-ticks","tick","buzzskito200b-20","1","1","267","24.9","0","","401","0.78","0.05","no links","0.05"
"/blog/best-bed-bug-box-spring-encasement-canada","bedbug","buzzskito-bedbug-20","3","2","438","8.2","9","431","2199","0.19","0.04","","0"
"/blog/best-bed-bug-heat-chamber-canada","bedbug","buzzskito-bedbug-20","3","2","317","7.9","9","453","2597","0.19","0.04","","0"
"/blog/heat-vs-chemical-bed-bug-treatment-canada","bedbug","buzzskito-bedbug-20","3","2","487","9.2","6","468","2616","0.19","0.04","","0"
"/blog/how-to-get-rid-of-mice-canada","rodent","buzzskito-rodent-20","10","7","1906","5","6","1270","2199","0.07","0.04","first link at word 1270","0.03"
"/blog/how-to-get-rid-of-spiders-in-house-canada","general","buzzskito-general-20","5","3","585","8.6","4","1156","1865","0.14","0.04","first link at word 1156","0.03"
"/blog/how-to-get-rid-of-stink-bugs-canada","general","buzzskito-general-20","4","3","512","10.2","13","498","3143","0.14","0.04","","0"
"/blog/mosquito-control-worth-the-cost","mosquito","buzzskito-mosquito-20","8","6","1228","7.1","4","929","1516","0.08","0.04","first link at word 929","0.03"
"/blog/mosquito-hawk-explained","mosquito","buzzskito-mosquito-20","8","6","6458","9.5","3","3006","4274","0.08","0.04","first link at word 3006","0.03"
"/blog/mouse-repellent-canada","rodent","buzzskito-rodent-20","10","7","1136","9.9","9","554","3211","0.07","0.04","","0"
"/blog/ortho-home-defense-bed-bug-review-canada","bedbug","buzzskito-bedbug-20","3","2","712","7.2","9","274","2172","0.19","0.04","","0"
"/blog/packtite-vs-zappbug-canada","bedbug","buzzskito-bedbug-20","3","2","84","8.5","6","501","2476","0.19","0.04","","0"
"/blog/victor-electronic-mouse-trap-review-canada","rodent","buzzskito-rodent-20","9","6","1087","7.7","6","282","1868","0.07","0.04","","0"
"/pest-product-guides/rodent-control","rodent","buzzskito200b-20","8","6","1300","8.5","0","","216","0.07","0.04","no links","0.04"
"/learn/how-to-combat-mosquitoes","mosquito","buzzskito200b-20","8","6","1483","21.7","0","","531","0.08","0.04","no links","0.04"
"/blog/biogents-bg-mosquitaire-mosquito-trap-canada","mosquito","buzzskito-mosquito-20","6","4","382","7.6","12","405","2477","0.08","0.03","","0"
"/blog/brush-cutter-for-overgrown-yard-canada","general","buzzskito-general-20","3","2","303","8.7","14","418","2547","0.14","0.03","","0"
"/blog/mosquito-facts","mosquito","buzzskito-mosquito-20","6","4","2094","8","4","943","1082","0.08","0.03","first link at word 943","0.02"
"/blog/mouse-proof-garage-door-seal-canada","rodent","buzzskito-rodent-20","7","5","407","6.9","18","505","2652","0.07","0.03","","0"
"/blog/picaridin-vs-deet","mosquito","buzzskito-mosquito-20","6","4","876","6.4","9","170","1145","0.08","0.03","","0"
"/blog/west-nile-virus-mississauga-2026","mosquito","buzzskito-mosquito-20","6","4","540","7.4","4","1246","1559","0.08","0.03","first link at word 1246","0.02"
"/blog/west-nile-virus-toronto-2026","mosquito","buzzskito-mosquito-20","5","3","267","6.6","4","798","1017","0.08","0.03","first link at word 798","0.02"
"/blog/best-gazebo-with-mosquito-net-canada","mosquito","buzzskito-mosquito-20","4","3","1169","9.4","11","470","2383","0.08","0.02","","0"
"/blog/best-mosquito-trap","mosquito","buzzskito-mosquito-20","4","3","646","9.1","9","220","1622","0.08","0.02","","0"
"/blog/best-squirrel-proof-bird-feeder-canada","rodent","buzzskito-rodent-20","4","3","788","12.6","9","479","2230","0.07","0.02","","0"
"/blog/do-fire-pits-repel-mosquitoes-canada","mosquito","buzzskito-mosquito-20","3","2","1996","6.6","12","471","2390","0.08","0.02","","0"
"/blog/does-standing-water-attract-mosquitoes","mosquito","buzzskito-mosquito-20","3","2","973","8.3","4","1330","1675","0.08","0.02","first link at word 1330","0.01"
"/blog/how-to-get-rid-of-bed-bugs-yourself-diy-canada","bedbug","buzzskito-bedbug-20","2","1","386","8.8","10","447","2550","0.19","0.02","","0"
"/blog/mosquito-netting-vs-barrier-spray","mosquito","buzzskito-mosquito-20","3","2","199","6.9","4","417","1004","0.08","0.02","","0"
"/blog/sureguard-mattress-encasement-review-canada","bedbug","buzzskito-bedbug-20","2","1","377","7.2","8","258","2349","0.19","0.02","","0"
"/blog/west-nile-virus-ontario-2026","mosquito","buzzskito200b-20","4","3","907","6","0","","1298","0.08","0.02","no links","0.02"
"/blog/west-nile-virus-symptoms","mosquito","buzzskito200b-20","3","2","793","9.5","0","","42","0.08","0.02","no links","0.02"
"/blog/where-do-mosquitoes-go-in-winter-ontario","mosquito","buzzskito200b-20","3","2","515","7.4","0","","1280","0.08","0.02","no links","0.02"
"/blog/why-mosquitoes-bite-some-people-more","mosquito","buzzskito-mosquito-20","4","3","2426","15.5","5","1850","2144","0.08","0.02","first link at word 1850","0.01"
"/pest-product-guides/mosquito-gear","mosquito","buzzskito200b-20","3","2","718","16.1","0","","205","0.08","0.02","no links","0.02"
"/blog/alpha-gal-syndrome","general","buzzskito200b-20","1","1","219","14.3","0","","40","0.14","0.01","no links","0.01"
"/blog/bed-bug-equipment-kit-for-landlords-canada","bedbug","buzzskito-bedbug-20","1","1","63","9.1","8","513","2118","0.19","0.01","","0"
"/blog/best-magnetic-screen-door-canada","mosquito","buzzskito-mosquito-20","2","1","371","9.4","11","594","2920","0.08","0.01","","0"
"/blog/best-silverfish-traps","general","buzzskito-general-20","1","1","99","7.2","16","476","3418","0.14","0.01","","0"
"/blog/best-whole-room-bed-bug-heater-canada","bedbug","buzzskito-bedbug-20","1","1","196","22.5","9","466","2609","0.19","0.01","","0"
"/blog/fix-standing-water-yard-mosquitoes-canada","mosquito","buzzskito-mosquito-20","2","1","142","8.1","10","460","2554","0.08","0.01","","0"
"/blog/gutter-guards-mosquito-breeding-canada","mosquito","buzzskito-mosquito-20","1","1","79","7.2","13","300","2399","0.08","0.01","","0"
"/blog/hardtop-vs-soft-top-mosquito-gazebo-canada","mosquito","buzzskito-mosquito-20","2","1","35","10.9","11","474","2389","0.08","0.01","","0"
"/blog/how-to-choose-mosquito-control-company-gta","mosquito","buzzskito200b-20","2","1","58","15.8","0","","558","0.08","0.01","no links","0.01"
"/blog/how-to-get-rid-of-bed-bugs-in-apartment-canada","bedbug","buzzskito-bedbug-20","1","1","366","12.2","9","435","2720","0.19","0.01","","0"
"/blog/how-to-kill-bed-bug-eggs-canada","bedbug","buzzskito-bedbug-20","1","1","732","11.7","10","442","2562","0.19","0.01","","0"
"/blog/how-to-prevent-mosquitoes-in-your-backyard","mosquito","buzzskito-mosquito-20","2","1","574","23.9","4","770","985","0.08","0.01","first link at word 770","0.01"
"/blog/mosquito-control-etobicoke-north-york","mosquito","buzzskito200b-20","1","1","530","24.5","0","","859","0.08","0.01","no links","0.01"
"/blog/mosquito-control-vaughan-york-region","mosquito","buzzskito200b-20","1","1","404","13.5","0","","955","0.08","0.01","no links","0.01"
"/blog/mosquito-mistakes-ontario-homeowners-make","mosquito","buzzskito-mosquito-20","1","1","54","8.1","3","339","63","0.08","0.01","","0"
"/blog/mosquito-screened-porch-kit-canada","mosquito","buzzskito-mosquito-20","1","1","57","7.4","9","433","2506","0.08","0.01","","0"
"/blog/patio-heater-vs-fire-table-canada","general","buzzskito-general-20","1","1","153","6.7","11","471","2902","0.14","0.01","","0"
"/blog/what-flowers-attract-mosquitoes","mosquito","buzzskito200b-20","2","1","1794","6.6","0","","1994","0.08","0.01","no links","0.01"
"/blog/when-to-schedule-first-mosquito-treatment-ontario","mosquito","buzzskito200b-20","1","1","508","12.2","0","","868","0.08","0.01","no links","0.01"
"/learn/mosquito-life-cycle","mosquito","buzzskito200b-20","1","1","665","10.3","0","","896","0.08","0.01","no links","0.01"
"/blog/advion-cockroach-gel-bait","roach","buzzskito-roach-20","0","0","0","0","6","1334","2172","0.15","0","first link at word 1334","0"
"/blog/backpack-sprayer-canada","sprayer","buzzskito-sprayer-20","5","3","502","8.3","8","319","2152","0","0","","0"
"/blog/bed-bug-control-canada-hub","bedbug","buzzskito-bedbug-20","0","0","38","12","13","378","2155","0.19","0","","0"
"/blog/best-ant-killer","ant","buzzskito-ant-20","0","0","47","7.8","12","502","2858","0","0","","0"
"/blog/best-ant-traps-canada","ant","buzzskito-ant-20","45","31","5319","9.1","4","1172","4736","0","0","first link at word 1172","0"
"/blog/best-battery-backpack-sprayer-canada","sprayer","buzzskito-sprayer-20","16","11","1050","9.2","8","461","2390","0","0","","0"
"/blog/best-cockroach-killer-canada","roach","buzzskito-roach-20","0","0","0","0","5","613","2045","0.15","0","first link at word 613","0"
"/blog/best-commercial-fly-light-trap-canada","flies","buzzskito-flies-20","5","3","754","10","9","486","2579","0","0","","0"
"/blog/best-commercial-lgr-dehumidifier-canada","dehumidifier","buzzskito-dehumidifier-20","1","1","318","7.7","9","484","2438","0","0","","0"
"/blog/best-commercial-steam-cleaner-canada","steamer","buzzskito-steamer-20","0","0","286","23.9","9","491","2280","0","0","","0"
"/blog/best-crawl-space-dehumidifier-canada","dehumidifier","buzzskito-dehumidifier-20","8","6","808","12","9","515","2478","0","0","","0"
"/blog/best-dehumidifier-for-basement-canada","dehumidifier","buzzskito-dehumidifier-20","38","27","4354","11.4","5","620","2175","0","0","first link at word 620","0"
"/blog/best-dehumidifier-for-cold-garage-canada","dehumidifier","buzzskito-dehumidifier-20","45","31","1409","7.1","9","434","2404","0","0","","0"
"/blog/best-dehumidifier-for-mold-canada","dehumidifier","buzzskito-dehumidifier-20","18","13","2150","8.3","11","114","2131","0","0","","0"
"/blog/best-fruit-fly-trap-canada","flies","buzzskito-flies-20","95","66","16301","8.4","23","102","7144","0","0","","0"
"/blog/best-large-capacity-dehumidifier-canada","dehumidifier","buzzskito-dehumidifier-20","32","22","6097","8.7","9","425","2501","0","0","","0"
"/blog/best-natural-bed-bug-spray-canada","bedbug","buzzskito-bedbug-20","0","0","1","1","11","177","2371","0.19","0","","0"
"/blog/best-pump-pressure-sprayer-canada","sprayer","buzzskito-sprayer-20","25","17","3189","9.1","9","482","2221","0","0","","0"
"/blog/best-rodent-repellent-for-cars-canada","rodent","buzzskito-rodent-20","0","0","1","1","13","483","2898","0.07","0","","0"
"/blog/best-steam-cleaner-for-pest-control-canada","steamer","buzzskito-steamer-20","47","33","1757","9.1","9","463","2371","0","0","","0"
"/blog/best-steam-mop-for-hardwood-floors-canada","steamer","buzzskito-steamer-20","5","3","547","10.9","9","485","2757","0","0","","0"
"/blog/best-upholstery-steam-cleaner-canada","steamer","buzzskito-steamer-20","3","2","729","10.7","9","446","2624","0","0","","0"
"/blog/best-whole-house-dehumidifier-canada","dehumidifier","buzzskito-dehumidifier-20","5","3","535","11.5","7","474","2370","0","0","","0"
"/blog/black-flies-mississauga-toronto-gta-2026","flies","buzzskito-flies-20","32","22","2478","7.6","5","1440","2016","0","0","first link at word 1440","0"
"/blog/black-flies-ontario-when-they-come-out","flies","buzzskito-flies-20","641","448","56408","6.5","10","972","3280","0","0","first link at word 972","0"
"/blog/bug-zappers-canada-do-they-work","general","buzzskito-general-20","0","0","1","7","15","220","8338","0.14","0","","0"
"/blog/can-dogs-get-lyme-disease","tick","buzzskito200b-20","0","0","69","24.4","0","","1991","0.78","0","no links","0"
"/blog/can-lyme-disease-kill-you","tick","buzzskito200b-20","0","0","174","13.2","0","","883","0.78","0","no links","0"
"/blog/can-mosquitoes-bite-through-clothes","mosquito","buzzskito-mosquito-20","0","0","1","1","4","1082","1482","0.08","0","first link at word 1082","0"
"/blog/carpenter-ants-canada","ant","buzzskito-ant-20","41","29","4107","11.8","7","1023","4958","0","0","first link at word 1023","0"
"/blog/chapin-battery-backpack-sprayer-review-canada","sprayer","buzzskito-sprayer-20","3","2","529","8.5","9","269","2044","0","0","","0"
"/blog/cluster-flies-in-house-canada","flies","buzzskito-flies-20","13","9","774","7.5","4","1469","2048","0","0","first link at word 1469","0"
"/blog/crawl-space-dehumidifier-vs-vapour-barrier-canada","dehumidifier","buzzskito-dehumidifier-20","2","1","148","8.6","9","457","2087","0","0","","0"
"/blog/deer-flies-horse-flies-ontario","flies","buzzskito-flies-20","97","68","20762","6.7","7","305","1493","0","0","","0"
"/blog/desiccant-vs-compressor-dehumidifier-canada","dehumidifier","buzzskito-dehumidifier-20","2","1","212","9.7","7","536","2100","0","0","","0"
"/blog/diy-outdoor-misting-system-kit-canada","sprayer","buzzskito-sprayer-20","1","1","113","9.5","7","467","2192","0","0","","0"
"/blog/do-cedar-trees-attract-mosquitoes","mosquito","buzzskito-mosquito-20","0","0","1","1","8","1297","2311","0.08","0","first link at word 1297","0"
"/blog/dupray-neat-vs-hill-injection-canada","steamer","buzzskito-steamer-20","0","0","76","5.9","6","581","2286","0","0","","0"
"/blog/dupray-steamer-review-canada","steamer","buzzskito-steamer-20","39","27","1973","7.3","9","277","2350","0","0","","0"
"/blog/dupray-vs-mcculloch-steamer-canada","steamer","buzzskito-steamer-20","41","29","2105","6.5","6","452","2390","0","0","","0"
"/blog/earwig-traps-indoor-canada","general","buzzskito-general-20","0","0","0","0","7","634","1839","0.14","0","first link at word 634","0"
"/blog/fall-yard-cleanup-leaf-blower-canada","general","buzzskito-general-20","0","0","70","8.5","14","448","2528","0.14","0","","0"
"/blog/field-king-backpack-sprayer-review-canada","sprayer","buzzskito-sprayer-20","5","3","499","7.1","8","275","2081","0","0","","0"
"/blog/goodnature-a24-review-canada","rodent","buzzskito-rodent-20","1","1","304","9","10","241","2072","0.07","0","","0"
"/blog/green-pool-mosquito-breeding-ontario","mosquito","buzzskito-mosquito-20","0","0","87","5.9","13","67","2075","0.08","0","","0"
"/blog/hidden-mosquito-breeding-spots-backyard","mosquito","buzzskito-mosquito-20","0","0","376","11.7","4","410","834","0.08","0","","0"
"/blog/horse-fly-and-deer-fly-bite-treatment","flies","buzzskito-flies-20","297","208","40201","6.9","11","353","1907","0","0","","0"
"/blog/how-many-times-can-a-mosquito-bite-you","mosquito","buzzskito200b-20","0","0","1","1","0","","2887","0.08","0","no links","0"
"/blog/how-to-check-for-bed-bugs-canada","bedbug","buzzskito-bedbug-20","0","0","167","19.2","3","734","2382","0.19","0","first link at word 734","0"
"/blog/how-to-get-rid-of-ants-canada","ant","buzzskito-ant-20","18","13","2401","10.4","10","878","5510","0","0","first link at word 878","0"
"/blog/how-to-get-rid-of-bed-bugs-canada","bedbug","buzzskito-bedbug-20","0","0","55","10.8","12","433","2645","0.19","0","","0"
"/blog/how-to-get-rid-of-cluster-flies-canada","flies","buzzskito-flies-20","19","13","1528","8.1","9","319","2536","0","0","","0"
"/blog/how-to-get-rid-of-drain-flies-canada","flies","buzzskito-flies-20","25","17","4356","9.3","8","446","2546","0","0","","0"
"/blog/how-to-get-rid-of-fruit-flies","flies","buzzskito-flies-20","0","0","1","1","7","276","2518","0","0","","0"
"/blog/how-to-get-rid-of-fungus-gnats-houseplants","flies","buzzskito-flies-20","1","1","719","16.9","7","502","2802","0","0","","0"
"/blog/how-to-get-rid-of-ground-wasps-canada","wasp","buzzskito-wasp-20","0","0","1","1","10","140","3274","0.11","0","","0"
"/blog/how-to-keep-mice-out-of-your-house-winter","rodent","buzzskito-rodent-20","1","1","395","15.8","6","911","2134","0.07","0","first link at word 911","0"
"/blog/how-to-remove-tick-from-dog-ontario","tick","buzzskito-tick-20","0","0","58","6","4","454","1287","0.78","0","","0"
"/blog/longray-thermal-fogger-review-canada","fogger","buzzskito-fogger-20","0","0","125","6.8","7","286","2457","0.19","0","","0"
"/blog/lyme-disease-symptoms-guide","tick","buzzskito-tick-20","0","0","157","48.7","2","1238","2158","0.78","0","first link at word 1238","0"
"/blog/lyme-disease-tick-prevention-ontario","tick","buzzskito-tick-20","0","0","271","23.9","6","1528","2270","0.78","0","first link at word 1528","0"
"/blog/mcculloch-mc1275-steamer-review-canada","steamer","buzzskito-steamer-20","2","1","123","6.1","9","281","2559","0","0","","0"
"/blog/misting-fan-canada","sprayer","buzzskito-sprayer-20","13","9","873","9.1","7","376","2032","0","0","","0"
"/blog/mosquito-bite-vs-spider-bite","mosquito","buzzskito200b-20","0","0","1","1","0","","1408","0.08","0","no links","0"
"/blog/mosquito-control-cost-ontario","mosquito","buzzskito-mosquito-20","0","0","0","0","3","822","958","0.08","0","first link at word 822","0"
"/blog/mosquito-control-milton-georgetown","mosquito","buzzskito200b-20","0","0","189","10.4","0","","917","0.08","0","no links","0"
"/blog/mosquito-control-near-water-ravines-gta","mosquito","buzzskito-mosquito-20","0","0","1","1","4","798","1092","0.08","0","first link at word 798","0"
"/blog/mosquito-net","mosquito","buzzskito-mosquito-20","0","0","0","0","12","242","1816","0.08","0","","0"
"/blog/mosquito-repellent-for-dogs","mosquito","buzzskito-mosquito-20","0","0","2","1","12","381","1582","0.08","0","","0"
"/blog/mosquito-spray-companies-gta","mosquito","buzzskito200b-20","0","0","6","10.3","0","","947","0.08","0","no links","0"
"/blog/mosquito-trap-running-cost-canada","mosquito","buzzskito-mosquito-20","0","0","119","13.9","10","533","2390","0.08","0","","0"
"/blog/mosquito-vs-diy-vs-professional-control","mosquito","buzzskito-mosquito-20","0","0","375","8.1","2","557","763","0.08","0","only 2 link(s)","0"
"/blog/natural-mosquito-repellent-ontario","mosquito","buzzskito-mosquito-20","0","0","1","1","7","947","2051","0.08","0","first link at word 947","0"
"/blog/no-see-ums-biting-midges-ontario","general","buzzskito-general-20","0","0","1","2","5","630","1393","0.14","0","first link at word 630","0"
"/blog/outdoor-event-mosquito-control-gta","mosquito","buzzskito200b-20","0","0","102","6.4","0","","913","0.08","0","no links","0"
"/blog/outdoor-fan-mosquito-control-canada","mosquito","buzzskito-mosquito-20","0","0","198","6.4","12","474","2841","0.08","0","","0"
"/blog/patio-misting-system-canada","sprayer","buzzskito-sprayer-20","7","5","390","6.8","7","324","2226","0","0","","0"
"/blog/pond-aerator-mosquito-larvae-canada","mosquito","buzzskito-mosquito-20","0","0","101","8.3","11","445","2671","0.08","0","","0"
"/blog/professional-vs-diy-mosquito-control-gta-comparison","mosquito","buzzskito-mosquito-20","0","0","1","1","4","508","3054","0.08","0","","0"
"/blog/rain-barrel-mosquito-proof-canada","mosquito","buzzskito-mosquito-20","0","0","104","8.4","12","300","2554","0.08","0","","0"
"/blog/red-ticks-and-clover-mites","tick","buzzskito-tick-20","0","0","1","1","8","359","3145","0.78","0","","0"
"/blog/tick-removal-tool-guide","tick","buzzskito-tick-20","0","0","1","1","7","238","1286","0.78","0","","0"
"/blog/tick-vs-bed-bug","bedbug","buzzskito-bedbug-20","0","0","2","1","6","326","5360","0.19","0","","0"
"/blog/traces-punaises-de-lit-matelas","bedbug","buzzskito-bedbug-20","0","0","25","14.8","4","1169","2816","0.19","0","first link at word 1169","0"
"/blog/vapamore-mr100-steamer-review-canada","steamer","buzzskito-steamer-20","9","6","562","6.6","9","296","2586","0","0","","0"
"/blog/west-nile-virus-mosquito-risk-ontario","mosquito","buzzskito200b-20","0","0","1","11","0","","659","0.08","0","no links","0"
"/blog/what-attracts-mosquitoes-to-you","mosquito","buzzskito-mosquito-20","0","0","125","14.3","4","1000","1661","0.08","0","first link at word 1000","0"
"/blog/what-colors-attract-mosquitoes","mosquito","buzzskito200b-20","0","0","4","1","0","","1326","0.08","0","no links","0"
"/blog/what-does-a-spider-bite-look-like","general","buzzskito200b-20","0","0","1","1","0","","59","0.14","0","no links","0"
"/blog/what-size-dehumidifier-do-i-need-canada","dehumidifier","buzzskito-dehumidifier-20","8","6","781","5.6","12","496","2255","0","0","","0"
"/blog/what-temperature-kills-mosquitoes","mosquito","buzzskito200b-20","0","0","5","1","0","","6065","0.08","0","no links","0"
"/blog/when-are-mosquitoes-most-active","mosquito","buzzskito-mosquito-20","0","0","1","1","5","1536","4230","0.08","0","first link at word 1536","0"
"/blog/when-does-mosquito-season-start-toronto-2026","mosquito","buzzskito200b-20","0","0","1","1","0","","1307","0.08","0","no links","0"
"/blog/when-to-spray-mosquitoes-mississauga-2026","mosquito","buzzskito200b-20","0","0","166","7.5","0","","1401","0.08","0","no links","0"
"/blog/why-do-mosquitoes-exist","mosquito","buzzskito200b-20","0","0","1956","8","0","","1935","0.08","0","no links","0"
"/blog/zappbug-room-review-canada","bedbug","buzzskito-bedbug-20","0","0","120","9.2","10","294","2289","0.19","0","","0"
"/learn/tick-life-cycle","tick","buzzskito200b-20","0","0","255","11.5","0","","954","0.78","0","no links","0"